               epoch,      train/box_loss,      train/obj_loss,      train/cls_loss,   metrics/precision,      metrics/recall,     metrics/mAP_0.5,metrics/mAP_0.5:0.95,        val/box_loss,        val/obj_loss,        val/cls_loss,               x/lr0,               x/lr1,               x/lr2
                   0,             0.09113,            0.012888,            0.014479,             0.83188,             0.18964,             0.17073,            0.059548,            0.060407,            0.014222,           0.0065004,             0.07012,             0.00332,             0.00332
                   1,            0.067508,            0.011069,            0.005888,             0.67145,             0.39776,             0.33683,             0.13703,            0.050601,            0.013567,           0.0045068,             0.04009,           0.0066234,           0.0066234
                   2,            0.061085,            0.010221,            0.004607,             0.80438,             0.43125,             0.47575,             0.21051,            0.045302,             0.01203,           0.0035819,             0.01003,           0.0098968,           0.0098968
                   3,            0.054878,            0.009205,             0.00386,             0.60916,             0.62245,             0.66118,             0.32103,            0.040657,            0.010694,            0.002832,            0.009865,            0.009865,            0.009865
                   4,            0.050745,            0.008094,           0.0032699,             0.73759,             0.64674,             0.73009,             0.38018,            0.037959,           0.0098449,           0.0023039,            0.009865,            0.009865,            0.009865
                   5,            0.047515,            0.007612,           0.0028051,             0.77532,              0.6732,             0.76968,             0.42281,            0.034756,           0.0093106,            0.001962,             0.00982,             0.00982,             0.00982
                   6,            0.045198,           0.0071369,           0.0025207,             0.82427,             0.68125,             0.77598,             0.43943,            0.035046,           0.0088606,           0.0017582,            0.009775,            0.009775,            0.009775
                   7,            0.043764,           0.0069604,           0.0022746,             0.83928,             0.71592,               0.812,             0.46275,            0.033611,           0.0085427,           0.0015359,             0.00973,             0.00973,             0.00973
                   8,            0.042877,            0.006828,            0.002173,             0.84092,             0.75182,              0.8271,              0.4854,            0.031766,           0.0083418,           0.0013547,            0.009685,            0.009685,            0.009685
                   9,            0.041717,           0.0066417,           0.0019607,              0.8338,             0.76163,             0.83626,             0.48286,            0.032346,           0.0083645,           0.0013414,             0.00964,             0.00964,             0.00964
                  10,            0.040756,           0.0064677,           0.0018925,             0.85228,             0.76591,             0.85116,             0.50702,            0.031248,           0.0081841,           0.0012021,            0.009595,            0.009595,            0.009595
                  11,            0.040094,           0.0063455,           0.0018465,             0.85496,             0.77288,             0.85648,             0.50342,            0.030663,           0.0081567,           0.0011111,             0.00955,             0.00955,             0.00955
                  12,            0.039731,           0.0062711,           0.0017784,             0.86631,             0.78906,             0.86817,             0.53325,            0.030206,           0.0078828,            0.001094,            0.009505,            0.009505,            0.009505
                  13,            0.038748,           0.0063131,             0.00166,             0.86518,             0.78897,             0.87132,             0.53377,            0.029859,             0.00783,          0.00098798,             0.00946,             0.00946,             0.00946
                  14,            0.038437,           0.0062479,           0.0016009,             0.87022,             0.77636,             0.87143,              0.5213,            0.029407,           0.0077232,           0.0010141,            0.009415,            0.009415,            0.009415
                  15,            0.038312,           0.0061579,           0.0016123,             0.87152,             0.79882,             0.87227,             0.53424,            0.029222,           0.0076852,            0.001054,             0.00937,             0.00937,             0.00937
                  16,            0.037978,           0.0060993,           0.0015379,             0.85728,             0.81091,             0.87726,             0.54554,            0.029041,           0.0077447,          0.00096217,            0.009325,            0.009325,            0.009325
                  17,            0.037013,            0.005988,           0.0014621,              0.8546,             0.80941,             0.88185,             0.54852,            0.029086,           0.0077067,          0.00088388,             0.00928,             0.00928,             0.00928
                  18,             0.03706,           0.0059593,           0.0015319,             0.88848,             0.80892,              0.8889,             0.55813,            0.028793,           0.0074475,          0.00089376,            0.009235,            0.009235,            0.009235
                  19,            0.036693,           0.0058434,           0.0014045,             0.87157,             0.80731,             0.88775,             0.56461,            0.028162,           0.0074735,          0.00086438,             0.00919,             0.00919,             0.00919
                  20,            0.036714,           0.0058439,           0.0014135,             0.87057,             0.81242,             0.88694,             0.57119,            0.027729,           0.0073753,          0.00091126,            0.009145,            0.009145,            0.009145
                  21,            0.036185,           0.0058502,            0.001381,             0.87708,             0.81714,             0.89125,             0.57607,            0.027534,           0.0073121,          0.00084739,              0.0091,              0.0091,              0.0091
                  22,            0.035892,           0.0058255,           0.0013908,             0.86658,             0.83922,             0.89614,              0.5802,            0.027263,           0.0073635,           0.0008135,            0.009055,            0.009055,            0.009055
                  23,            0.035481,            0.005805,           0.0013228,             0.89214,              0.8189,             0.89411,             0.57073,            0.027173,           0.0072635,          0.00078091,             0.00901,             0.00901,             0.00901
                  24,            0.035216,           0.0057412,           0.0013029,             0.88699,             0.82042,             0.89482,             0.57771,            0.026906,           0.0071803,          0.00078066,            0.008965,            0.008965,            0.008965
                  25,            0.035135,           0.0056898,           0.0012909,             0.88423,             0.83243,              0.8949,             0.57664,            0.027051,           0.0072413,          0.00076797,             0.00892,             0.00892,             0.00892
                  26,            0.034953,           0.0056706,           0.0012864,             0.87977,             0.82615,             0.89508,             0.58334,             0.02663,           0.0071481,          0.00072113,            0.008875,            0.008875,            0.008875
                  27,            0.034476,           0.0056359,           0.0012357,             0.89117,             0.81713,             0.89658,             0.58398,            0.026602,           0.0070901,          0.00075337,             0.00883,             0.00883,             0.00883
                  28,            0.034379,           0.0055371,           0.0012031,             0.86952,             0.83953,             0.90105,             0.59364,            0.026303,           0.0069726,          0.00072498,            0.008785,            0.008785,            0.008785
                  29,            0.033945,           0.0055319,           0.0011661,             0.90096,             0.82845,             0.90109,              0.5907,            0.026479,           0.0070099,          0.00067489,             0.00874,             0.00874,             0.00874
                  30,            0.034209,           0.0055469,           0.0012087,             0.90311,             0.83301,             0.90589,             0.60027,             0.02596,           0.0068733,          0.00071532,            0.008695,            0.008695,            0.008695
                  31,            0.033902,           0.0054952,           0.0011557,             0.90212,             0.83778,             0.90436,             0.60183,            0.026091,           0.0069989,          0.00067668,             0.00865,             0.00865,             0.00865
                  32,             0.03409,           0.0054331,           0.0012053,             0.89143,             0.82752,             0.89688,             0.59515,            0.026302,           0.0070501,          0.00081722,            0.008605,            0.008605,            0.008605
                  33,            0.033761,           0.0055347,           0.0012395,             0.89137,             0.84658,             0.90517,             0.59963,            0.025844,           0.0069252,          0.00070614,             0.00856,             0.00856,             0.00856
                  34,              0.0333,           0.0053703,           0.0011478,               0.907,              0.8315,             0.91211,             0.60607,            0.025591,           0.0068948,          0.00066405,            0.008515,            0.008515,            0.008515
                  35,            0.033192,           0.0053084,           0.0011543,             0.89044,             0.84201,             0.90603,             0.60326,             0.02555,           0.0068963,          0.00071597,             0.00847,             0.00847,             0.00847
                  36,            0.033049,            0.005397,           0.0010925,             0.90238,             0.84908,             0.91094,             0.61047,            0.025623,           0.0068525,          0.00068593,            0.008425,            0.008425,            0.008425
                  37,            0.032838,           0.0053469,           0.0010891,             0.89899,             0.84426,             0.91223,             0.60823,            0.025395,           0.0068281,          0.00066855,             0.00838,             0.00838,             0.00838
                  38,            0.032784,           0.0052729,           0.0011047,              0.9024,             0.84711,             0.91086,             0.61941,            0.025179,           0.0067545,          0.00069421,            0.008335,            0.008335,            0.008335
                  39,            0.032405,           0.0052885,           0.0010503,             0.90343,             0.84286,             0.91155,             0.60958,            0.025307,           0.0067515,          0.00066776,             0.00829,             0.00829,             0.00829
                  40,            0.032584,           0.0053805,           0.0010822,             0.90292,             0.84684,              0.9119,             0.62036,            0.024799,           0.0066932,          0.00065308,            0.008245,            0.008245,            0.008245
                  41,            0.032079,           0.0052352,           0.0010405,             0.90942,             0.85312,             0.91475,             0.61665,            0.025239,           0.0068299,          0.00064308,              0.0082,              0.0082,              0.0082
                  42,            0.032309,           0.0053081,           0.0010689,             0.91044,             0.84471,              0.9158,             0.61976,            0.024936,           0.0066935,          0.00061328,            0.008155,            0.008155,            0.008155
                  43,             0.03193,           0.0051681,           0.0010392,             0.89716,              0.8662,             0.91469,             0.62186,            0.024907,            0.006673,          0.00059182,             0.00811,             0.00811,             0.00811
                  44,            0.032172,           0.0052375,           0.0010485,             0.89069,             0.86164,             0.91634,             0.62513,            0.024718,           0.0066317,          0.00061173,            0.008065,            0.008065,            0.008065
                  45,            0.031833,           0.0052083,           0.0010153,             0.91393,             0.85402,             0.91709,             0.62423,             0.02461,           0.0066596,          0.00058387,             0.00802,             0.00802,             0.00802
                  46,            0.031714,            0.005195,           0.0010044,             0.92274,              0.8352,             0.91566,             0.62559,            0.024502,           0.0066125,          0.00061136,            0.007975,            0.007975,            0.007975
                  47,            0.031903,           0.0052069,           0.0010569,             0.90809,             0.85658,              0.9147,             0.63188,            0.024456,            0.006553,           0.0005834,             0.00793,             0.00793,             0.00793
                  48,            0.031536,           0.0050995,           0.0010122,             0.90837,             0.86519,             0.91733,              0.6324,            0.024293,           0.0066318,          0.00060744,            0.007885,            0.007885,            0.007885
                  49,            0.031413,           0.0050428,           0.0009462,             0.91497,             0.85448,              0.9163,             0.63342,            0.024233,           0.0065533,          0.00059757,             0.00784,             0.00784,             0.00784
                  50,            0.031349,           0.0051251,           0.0010246,             0.91995,             0.85898,             0.91876,             0.63708,            0.024184,           0.0064823,          0.00059044,            0.007795,            0.007795,            0.007795
                  51,             0.03143,           0.0051447,          0.00096674,             0.89959,             0.85781,               0.916,             0.63561,            0.024225,           0.0064781,           0.0005656,             0.00775,             0.00775,             0.00775
                  52,            0.031042,           0.0051265,          0.00098962,             0.92291,             0.84421,             0.91355,             0.63029,            0.024323,           0.0065213,          0.00056911,            0.007705,            0.007705,            0.007705
                  53,            0.031109,           0.0049889,            0.001029,             0.91625,             0.86109,             0.91795,             0.63932,            0.024112,           0.0065037,          0.00062255,             0.00766,             0.00766,             0.00766
                  54,            0.030839,           0.0049773,          0.00095251,             0.91744,             0.85456,             0.92029,             0.63932,            0.024132,           0.0065228,          0.00055958,            0.007615,            0.007615,            0.007615
                  55,            0.030444,           0.0050154,           0.0009158,             0.90609,             0.86627,             0.92242,             0.64072,            0.023922,           0.0064095,          0.00052757,             0.00757,             0.00757,             0.00757
                  56,            0.031045,           0.0049769,          0.00096947,             0.91854,             0.85671,             0.91767,              0.6403,            0.024066,           0.0065238,          0.00057816,            0.007525,            0.007525,            0.007525
                  57,            0.030742,           0.0049527,          0.00093057,             0.90744,              0.8708,             0.91909,               0.642,            0.023838,           0.0064559,          0.00058602,             0.00748,             0.00748,             0.00748
                  58,            0.030527,           0.0049065,          0.00096556,             0.91302,             0.87008,             0.92502,             0.64665,             0.02364,           0.0063481,          0.00055179,            0.007435,            0.007435,            0.007435
                  59,            0.030519,           0.0049429,          0.00090909,             0.92835,             0.86225,             0.92577,             0.64621,            0.023677,           0.0063804,          0.00053665,             0.00739,             0.00739,             0.00739
                  60,            0.030225,            0.004876,          0.00085676,             0.91954,             0.87087,             0.92156,             0.64628,            0.023762,           0.0063983,          0.00053427,            0.007345,            0.007345,            0.007345
                  61,            0.030122,            0.004928,          0.00090656,             0.90563,              0.8741,             0.92712,             0.65153,            0.023435,            0.006322,          0.00054536,              0.0073,              0.0073,              0.0073
                  62,             0.03005,           0.0049139,           0.0009227,             0.92403,             0.85933,               0.922,             0.64848,            0.023669,           0.0063854,          0.00054138,            0.007255,            0.007255,            0.007255
                  63,             0.03029,           0.0049449,          0.00090301,             0.92046,             0.86646,             0.92511,             0.65102,            0.023445,           0.0063274,          0.00053227,             0.00721,             0.00721,             0.00721
                  64,             0.02978,           0.0049062,          0.00086935,             0.92155,             0.87588,             0.92573,             0.65447,            0.023397,           0.0063051,          0.00055499,            0.007165,            0.007165,            0.007165
                  65,            0.029567,           0.0048303,          0.00082948,             0.92302,             0.86152,             0.92296,             0.64886,             0.02321,           0.0062899,          0.00053866,             0.00712,             0.00712,             0.00712
                  66,             0.02977,            0.004823,          0.00092695,             0.92075,             0.86772,              0.9254,             0.65385,            0.023212,           0.0063167,          0.00053819,            0.007075,            0.007075,            0.007075
                  67,            0.029686,           0.0047935,          0.00090703,             0.92356,             0.86259,              0.9289,             0.65374,            0.023274,           0.0063286,          0.00054455,             0.00703,             0.00703,             0.00703
                  68,            0.029687,           0.0048484,          0.00091841,             0.90917,             0.87017,             0.92704,             0.65622,            0.023066,           0.0062181,           0.0005503,            0.006985,            0.006985,            0.006985
                  69,              0.0298,           0.0048157,          0.00088928,             0.92378,              0.8651,             0.92915,             0.65568,            0.023246,            0.006281,           0.0005402,             0.00694,             0.00694,             0.00694
                  70,             0.02939,           0.0048001,          0.00084821,             0.93243,             0.86536,             0.93025,             0.65747,            0.023183,            0.006264,          0.00049322,            0.006895,            0.006895,            0.006895
                  71,            0.029504,           0.0047538,          0.00086487,             0.93986,             0.86754,             0.93122,             0.65753,            0.023086,           0.0062323,          0.00052028,             0.00685,             0.00685,             0.00685
                  72,            0.029561,           0.0048307,           0.0009205,             0.93395,              0.8763,             0.93142,             0.65898,            0.022795,           0.0061313,          0.00053138,            0.006805,            0.006805,            0.006805
                  73,            0.029219,           0.0046908,          0.00084738,              0.9378,             0.87661,             0.92921,             0.65863,             0.02302,           0.0062031,           0.0005454,             0.00676,             0.00676,             0.00676
                  74,            0.029324,           0.0048156,          0.00087966,             0.91328,             0.88616,             0.92973,              0.6604,             0.02287,           0.0061694,          0.00055679,            0.006715,            0.006715,            0.006715
                  75,            0.029257,           0.0047676,          0.00085799,             0.92066,             0.87518,             0.93032,             0.66241,            0.022819,           0.0061365,          0.00052704,             0.00667,             0.00667,             0.00667
                  76,            0.028753,           0.0046583,          0.00079323,             0.92813,             0.87119,             0.92777,             0.65892,            0.022871,           0.0062122,          0.00049747,            0.006625,            0.006625,            0.006625
                  77,            0.028854,           0.0047242,          0.00083527,             0.94224,             0.86648,             0.92744,             0.65769,            0.022907,            0.006192,          0.00050598,             0.00658,             0.00658,             0.00658
                  78,               0.029,           0.0047241,          0.00080918,             0.92671,             0.87189,             0.93327,             0.66574,            0.022783,           0.0061726,          0.00048813,            0.006535,            0.006535,            0.006535
                  79,             0.02853,           0.0047418,          0.00080814,             0.93478,             0.87077,             0.93219,             0.66347,            0.022767,            0.006164,           0.0004968,             0.00649,             0.00649,             0.00649
                  80,            0.028688,            0.004672,           0.0008039,             0.93762,             0.87322,              0.9352,              0.6648,            0.022611,           0.0061169,           0.0004878,            0.006445,            0.006445,            0.006445
                  81,            0.028537,           0.0046656,          0.00083267,             0.92043,              0.8805,             0.93007,             0.66597,            0.022516,           0.0061088,          0.00046914,              0.0064,              0.0064,              0.0064
                  82,            0.028525,           0.0046986,          0.00083378,             0.93116,             0.87531,             0.93209,             0.66687,            0.022587,           0.0060971,           0.0004694,            0.006355,            0.006355,            0.006355
                  83,            0.028614,           0.0046019,          0.00080403,             0.94043,             0.86795,             0.93152,             0.66342,            0.022483,           0.0061094,          0.00047005,             0.00631,             0.00631,             0.00631
                  84,            0.028679,           0.0046834,          0.00084359,             0.93409,             0.87648,              0.9338,             0.66997,            0.022467,           0.0060862,          0.00048179,            0.006265,            0.006265,            0.006265
                  85,            0.028458,           0.0045639,          0.00080746,             0.93385,               0.874,             0.93177,             0.67084,            0.022479,           0.0060639,          0.00047138,             0.00622,             0.00622,             0.00622
                  86,            0.028458,           0.0046858,          0.00078631,             0.93637,              0.8741,             0.93364,             0.66916,            0.022483,           0.0060738,          0.00047342,            0.006175,            0.006175,            0.006175
                  87,              0.0284,           0.0046292,          0.00083882,             0.92423,             0.88486,             0.93357,             0.67177,            0.022426,           0.0060829,          0.00046604,             0.00613,             0.00613,             0.00613
                  88,            0.028092,           0.0045377,          0.00077268,             0.91951,             0.88425,             0.93368,              0.6763,            0.022246,           0.0060409,          0.00044993,            0.006085,            0.006085,            0.006085
                  89,            0.027897,           0.0045183,          0.00078235,             0.93175,             0.87848,             0.93252,             0.67511,            0.022307,           0.0060495,          0.00044871,             0.00604,             0.00604,             0.00604
                  90,            0.027969,            0.004589,          0.00080587,             0.92983,              0.8814,             0.93508,             0.67637,            0.022226,           0.0060419,          0.00046175,            0.005995,            0.005995,            0.005995
                  91,               0.028,           0.0045399,          0.00077292,             0.93389,             0.88184,             0.93561,             0.67381,            0.022235,           0.0060257,          0.00046523,             0.00595,             0.00595,             0.00595
                  92,            0.028005,           0.0045538,          0.00080539,             0.93848,             0.87584,             0.93506,             0.67611,            0.022162,           0.0060451,          0.00045807,            0.005905,            0.005905,            0.005905
                  93,            0.027836,           0.0044771,          0.00078587,             0.93839,               0.879,             0.93302,             0.67794,            0.022141,           0.0060338,          0.00044801,             0.00586,             0.00586,             0.00586
                  94,            0.028092,           0.0045031,          0.00080106,             0.93663,             0.88009,             0.93479,             0.68168,            0.021934,           0.0060074,          0.00045819,            0.005815,            0.005815,            0.005815
                  95,            0.027439,            0.004485,          0.00074577,             0.93589,             0.87586,             0.93362,                0.68,            0.022024,           0.0060034,           0.0004498,             0.00577,             0.00577,             0.00577
                  96,            0.027324,           0.0044589,          0.00072933,              0.9327,             0.88244,             0.93653,             0.67791,            0.021976,           0.0059972,          0.00045791,            0.005725,            0.005725,            0.005725
                  97,            0.027615,            0.004474,          0.00078666,             0.93683,             0.87937,              0.9354,             0.67939,            0.021917,           0.0059642,            0.000451,             0.00568,             0.00568,             0.00568
                  98,            0.027668,           0.0045226,          0.00079784,             0.94465,             0.87645,             0.93632,             0.68133,            0.021845,           0.0059472,          0.00046356,            0.005635,            0.005635,            0.005635
                  99,            0.027273,           0.0044666,          0.00076416,             0.93582,             0.88129,             0.93891,             0.68233,            0.021867,           0.0059584,          0.00045158,             0.00559,             0.00559,             0.00559
                 100,            0.027422,           0.0044494,           0.0007186,             0.93571,             0.88326,              0.9355,             0.68101,            0.021829,           0.0059821,           0.0004558,            0.005545,            0.005545,            0.005545
                 101,            0.027316,           0.0044413,          0.00075646,              0.9364,              0.8852,             0.93755,             0.68427,            0.021792,           0.0059475,          0.00046453,              0.0055,              0.0055,              0.0055
                 102,            0.027333,           0.0043906,          0.00072515,             0.93453,             0.88236,             0.93734,              0.6829,            0.021803,           0.0059178,          0.00046034,            0.005455,            0.005455,            0.005455
                 103,            0.027539,           0.0044793,          0.00074275,             0.93709,             0.87689,             0.93447,             0.68141,            0.021792,           0.0059137,          0.00047171,             0.00541,             0.00541,             0.00541
                 104,            0.027257,           0.0044349,          0.00070404,             0.93746,             0.88183,             0.93565,             0.68212,            0.021727,           0.0058975,          0.00047442,            0.005365,            0.005365,            0.005365
                 105,             0.02713,           0.0044623,          0.00074361,             0.93458,             0.88805,              0.9379,             0.68349,            0.021707,           0.0059013,          0.00047059,             0.00532,             0.00532,             0.00532
                 106,              0.0271,           0.0044178,          0.00072318,             0.94201,             0.88323,             0.93766,             0.68381,            0.021681,             0.00589,          0.00044575,            0.005275,            0.005275,            0.005275
                 107,            0.027025,           0.0044095,          0.00076407,             0.93402,             0.89522,             0.93822,             0.68397,            0.021732,           0.0058837,          0.00044641,             0.00523,             0.00523,             0.00523
                 108,            0.026957,           0.0044107,          0.00071949,             0.94072,             0.88571,             0.93863,             0.68459,            0.021664,           0.0058781,          0.00043671,            0.005185,            0.005185,            0.005185
                 109,            0.026988,           0.0043181,          0.00074417,             0.93822,             0.88757,              0.9388,             0.68411,            0.021664,           0.0058806,          0.00044473,             0.00514,             0.00514,             0.00514
                 110,            0.026891,           0.0044233,          0.00073749,             0.94021,             0.88996,             0.93803,             0.68525,            0.021631,           0.0058793,          0.00044417,            0.005095,            0.005095,            0.005095
                 111,            0.026885,            0.004341,          0.00074739,             0.94399,             0.89057,             0.93797,             0.68549,            0.021614,           0.0058812,          0.00045163,             0.00505,             0.00505,             0.00505
                 112,            0.026862,             0.00438,          0.00075086,             0.94456,             0.88794,             0.93792,             0.68562,            0.021614,            0.005896,          0.00044634,            0.005005,            0.005005,            0.005005
                 113,            0.026579,           0.0042869,          0.00076683,             0.93745,             0.88653,             0.93824,             0.68676,            0.021547,           0.0058956,          0.00044004,             0.00496,             0.00496,             0.00496
                 114,            0.026675,           0.0043435,          0.00069097,             0.94667,              0.8782,              0.9414,              0.6885,            0.021515,           0.0058732,          0.00043232,            0.004915,            0.004915,            0.004915
                 115,            0.026634,           0.0044482,          0.00071609,             0.94679,              0.8812,             0.93932,              0.6892,            0.021489,           0.0058768,          0.00043297,             0.00487,             0.00487,             0.00487
                 116,            0.026495,           0.0042995,          0.00074544,             0.94275,             0.88139,             0.94072,             0.69097,            0.021463,           0.0058825,           0.0004311,            0.004825,            0.004825,            0.004825
                 117,            0.026608,           0.0042905,          0.00069109,             0.93189,             0.88801,              0.9391,              0.6913,            0.021455,           0.0058871,          0.00043135,             0.00478,             0.00478,             0.00478
                 118,            0.026342,           0.0042935,          0.00069785,             0.93655,             0.88487,             0.93952,             0.69229,            0.021429,           0.0058838,          0.00042516,            0.004735,            0.004735,            0.004735
                 119,            0.026424,           0.0043046,          0.00073806,             0.92957,              0.8919,             0.93899,             0.69085,            0.021393,           0.0058691,          0.00043218,             0.00469,             0.00469,             0.00469
                 120,            0.026148,           0.0042279,          0.00070239,             0.92715,             0.89683,             0.93779,             0.69058,            0.021407,           0.0058702,          0.00042117,            0.004645,            0.004645,            0.004645
                 121,            0.026075,           0.0042474,          0.00065468,             0.93229,             0.89242,             0.93842,             0.69201,            0.021432,           0.0058765,          0.00041241,              0.0046,              0.0046,              0.0046
                 122,            0.025917,           0.0042039,          0.00064976,             0.93851,             0.88731,             0.93955,             0.69003,            0.021415,           0.0058841,          0.00040784,            0.004555,            0.004555,            0.004555
                 123,            0.025853,           0.0042163,          0.00068425,             0.94147,             0.88611,                0.94,             0.69087,            0.021392,           0.0058753,           0.0004079,             0.00451,             0.00451,             0.00451
                 124,              0.0258,           0.0041927,           0.0006819,              0.9474,             0.88789,             0.93946,             0.69055,            0.021366,            0.005882,          0.00040598,            0.004465,            0.004465,            0.004465
                 125,            0.025942,           0.0041389,          0.00068039,             0.94728,             0.88946,               0.941,             0.69087,             0.02135,           0.0058712,          0.00040851,             0.00442,             0.00442,             0.00442
                 126,            0.025524,           0.0041723,           0.0006359,             0.94145,             0.89209,             0.93929,             0.69244,            0.021315,           0.0058576,          0.00040838,            0.004375,            0.004375,            0.004375
                 127,            0.025888,            0.004171,          0.00066748,             0.94107,              0.8912,             0.94057,             0.69168,            0.021289,           0.0058419,           0.0004117,             0.00433,             0.00433,             0.00433
                 128,            0.025778,            0.004202,          0.00068406,             0.94318,              0.8911,             0.94162,             0.69373,            0.021277,           0.0058376,          0.00041212,            0.004285,            0.004285,            0.004285
                 129,            0.025759,            0.004233,           0.0006488,             0.94039,              0.8918,             0.93955,             0.69428,             0.02129,           0.0058408,          0.00040986,             0.00424,             0.00424,             0.00424
                 130,            0.025803,           0.0041983,          0.00067001,             0.94251,             0.89406,             0.94075,             0.69419,            0.021246,           0.0058235,          0.00039993,            0.004195,            0.004195,            0.004195
                 131,            0.025415,            0.004177,          0.00062868,             0.94448,             0.89165,             0.93919,             0.69515,            0.021206,           0.0058126,          0.00040432,             0.00415,             0.00415,             0.00415
                 132,            0.025352,           0.0041465,          0.00064236,             0.94091,             0.89534,             0.94009,             0.69591,            0.021182,           0.0058078,          0.00040348,            0.004105,            0.004105,            0.004105
                 133,            0.025398,           0.0041168,          0.00064736,             0.93976,              0.8939,             0.94028,             0.69512,            0.021138,           0.0058016,          0.00040202,             0.00406,             0.00406,             0.00406
                 134,            0.025265,           0.0040817,            0.000607,             0.94352,             0.88985,             0.93901,             0.69579,            0.021114,           0.0057943,          0.00040243,            0.004015,            0.004015,            0.004015
                 135,            0.025371,           0.0040296,           0.0006832,             0.94706,             0.88978,             0.94039,             0.69569,            0.021104,           0.0057968,          0.00040092,             0.00397,             0.00397,             0.00397
                 136,            0.025453,           0.0041061,          0.00064303,             0.94505,             0.89206,             0.94033,               0.696,            0.021085,           0.0058077,          0.00039976,            0.003925,            0.003925,            0.003925
                 137,            0.025409,           0.0041391,           0.0006528,             0.94149,             0.89544,             0.94083,             0.69652,            0.021071,           0.0058161,          0.00040272,             0.00388,             0.00388,             0.00388
                 138,             0.02545,           0.0040654,          0.00063644,             0.94483,             0.89593,              0.9407,             0.69546,            0.021052,           0.0058128,           0.0003961,            0.003835,            0.003835,            0.003835
                 139,            0.025169,           0.0040484,          0.00063681,             0.94345,             0.89557,             0.94154,             0.69707,            0.021026,           0.0058147,          0.00039222,             0.00379,             0.00379,             0.00379
                 140,            0.025221,           0.0040668,          0.00063436,             0.95024,             0.89075,             0.94099,               0.697,            0.020991,           0.0058132,          0.00038804,            0.003745,            0.003745,            0.003745
                 141,            0.025134,           0.0040682,          0.00063395,             0.95056,             0.89268,             0.94189,             0.69685,            0.020965,           0.0058052,          0.00038364,              0.0037,              0.0037,              0.0037
                 142,            0.025272,           0.0041303,          0.00063285,             0.94741,             0.89578,             0.94221,             0.69701,            0.020938,           0.0057937,          0.00038207,            0.003655,            0.003655,            0.003655
                 143,            0.024986,           0.0040421,          0.00064474,             0.94654,             0.89502,             0.94255,             0.69798,            0.020921,           0.0057921,           0.0003799,             0.00361,             0.00361,             0.00361
                 144,            0.024717,           0.0039745,          0.00059886,             0.94593,             0.89714,              0.9425,             0.69933,            0.020911,           0.0057866,          0.00037567,            0.003565,            0.003565,            0.003565
                 145,            0.024825,            0.003984,          0.00061102,               0.945,             0.89903,             0.94157,             0.69885,            0.020916,           0.0057854,          0.00037347,             0.00352,             0.00352,             0.00352
                 146,            0.024733,           0.0040665,          0.00062368,             0.94646,              0.8958,             0.94104,             0.69931,            0.020895,           0.0057736,          0.00037225,            0.003475,            0.003475,            0.003475
                 147,            0.024788,           0.0040207,          0.00058469,             0.94744,             0.89322,               0.941,             0.69961,            0.020888,           0.0057717,          0.00037474,             0.00343,             0.00343,             0.00343
                 148,            0.024661,           0.0040245,          0.00061072,             0.94755,             0.89641,             0.94178,             0.70007,             0.02088,           0.0057697,          0.00037337,            0.003385,            0.003385,            0.003385
                 149,            0.024485,           0.0040098,          0.00062465,             0.94553,             0.89675,             0.94289,             0.70014,            0.020863,           0.0057685,          0.00037065,             0.00334,             0.00334,             0.00334
                 150,            0.024606,            0.003979,           0.0006243,             0.94181,             0.90265,             0.94221,              0.6993,            0.020839,           0.0057624,          0.00036949,            0.003295,            0.003295,            0.003295
                 151,            0.024509,           0.0040162,          0.00060515,             0.93942,             0.90417,             0.94339,             0.70036,            0.020826,           0.0057594,          0.00036702,             0.00325,             0.00325,             0.00325
                 152,            0.024515,            0.004063,          0.00059879,             0.94519,             0.89671,             0.94169,             0.69951,            0.020803,           0.0057531,          0.00036364,            0.003205,            0.003205,            0.003205
                 153,            0.024525,           0.0039579,           0.0005976,             0.94238,             0.90001,             0.94199,             0.70107,            0.020801,           0.0057599,          0.00036184,             0.00316,             0.00316,             0.00316
                 154,            0.024624,           0.0039869,          0.00060714,             0.94364,              0.9008,             0.94236,             0.70135,            0.020785,           0.0057575,          0.00036034,            0.003115,            0.003115,            0.003115
                 155,            0.024373,           0.0039314,          0.00058404,             0.94761,             0.89525,             0.94093,             0.70055,            0.020776,           0.0057558,          0.00035982,             0.00307,             0.00307,             0.00307
                 156,            0.024353,           0.0039588,          0.00060029,             0.94814,             0.89571,             0.94172,             0.70176,            0.020768,           0.0057569,          0.00035935,            0.003025,            0.003025,            0.003025
                 157,            0.024292,           0.0039413,          0.00057625,             0.95013,             0.89441,             0.94133,             0.70196,            0.020757,           0.0057547,          0.00035885,             0.00298,             0.00298,             0.00298
                 158,            0.024154,           0.0038978,          0.00058307,             0.95211,             0.89452,             0.94159,             0.70352,            0.020744,           0.0057539,          0.00035747,            0.002935,            0.002935,            0.002935
                 159,            0.024113,           0.0039411,          0.00055619,             0.95278,             0.89405,             0.94197,             0.70306,            0.020735,            0.005757,          0.00035573,             0.00289,             0.00289,             0.00289
                 160,            0.024153,           0.0039054,          0.00062404,             0.95378,             0.89287,             0.94179,             0.70367,            0.020722,           0.0057579,          0.00035318,            0.002845,            0.002845,            0.002845
                 161,            0.024014,           0.0038283,          0.00057782,             0.95149,             0.89356,             0.94275,             0.70328,            0.020717,           0.0057624,          0.00035238,              0.0028,              0.0028,              0.0028
                 162,             0.02409,           0.0039348,          0.00059483,             0.95137,             0.89318,             0.94273,             0.70347,             0.02071,           0.0057629,          0.00035076,            0.002755,            0.002755,            0.002755
                 163,            0.023687,           0.0038187,          0.00058482,             0.94986,             0.89301,             0.94291,             0.70374,            0.020694,           0.0057636,          0.00034903,             0.00271,             0.00271,             0.00271
                 164,            0.023884,           0.0039069,          0.00053503,             0.94867,             0.89345,             0.94222,             0.70408,            0.020683,           0.0057618,          0.00034764,            0.002665,            0.002665,            0.002665
                 165,            0.023729,           0.0038527,          0.00057461,             0.94757,             0.89344,             0.94288,             0.70419,            0.020678,           0.0057608,          0.00034672,             0.00262,             0.00262,             0.00262
                 166,            0.023769,            0.003878,          0.00054829,              0.9473,             0.89613,             0.94262,             0.70387,            0.020663,           0.0057563,          0.00034649,            0.002575,            0.002575,            0.002575
                 167,             0.02373,           0.0038536,           0.0005436,             0.94595,             0.89693,             0.94264,             0.70404,            0.020649,           0.0057545,          0.00034559,             0.00253,             0.00253,             0.00253
                 168,            0.023906,           0.0038511,            0.000599,             0.94687,             0.89691,             0.94307,             0.70458,            0.020638,           0.0057535,          0.00034423,            0.002485,            0.002485,            0.002485
                 169,            0.023742,           0.0037928,          0.00058623,              0.9458,             0.89822,             0.94342,              0.7053,            0.020624,           0.0057538,          0.00034315,             0.00244,             0.00244,             0.00244
                 170,            0.023443,           0.0037693,            0.000553,             0.94597,             0.89745,             0.94329,             0.70503,            0.020618,           0.0057527,          0.00034168,            0.002395,            0.002395,            0.002395
                 171,            0.023232,            0.003747,          0.00054631,             0.94669,             0.89783,              0.9433,             0.70536,             0.02061,           0.0057523,          0.00034046,             0.00235,             0.00235,             0.00235
                 172,            0.023526,           0.0038136,           0.0005417,             0.94592,             0.89903,             0.94298,             0.70518,              0.0206,           0.0057519,          0.00034016,            0.002305,            0.002305,            0.002305
                 173,            0.023409,           0.0038226,          0.00055534,             0.94604,             0.89947,             0.94294,               0.705,            0.020592,           0.0057533,          0.00033936,             0.00226,             0.00226,             0.00226
                 174,            0.023332,           0.0037608,          0.00055065,             0.94612,             0.89958,             0.94304,             0.70468,            0.020585,           0.0057547,          0.00033849,            0.002215,            0.002215,            0.002215
                 175,            0.023252,           0.0037198,           0.0005364,             0.94711,             0.89974,             0.94382,             0.70668,            0.020578,           0.0057553,          0.00033823,             0.00217,             0.00217,             0.00217
                 176,            0.023237,           0.0037579,          0.00054661,             0.94659,             0.89968,             0.94386,             0.70664,            0.020574,           0.0057537,           0.0003382,            0.002125,            0.002125,            0.002125
                 177,            0.023122,           0.0038058,          0.00054078,             0.94658,             0.89887,             0.94357,             0.70637,            0.020569,           0.0057568,          0.00033825,             0.00208,             0.00208,             0.00208
                 178,            0.022997,            0.003781,          0.00050836,             0.94699,             0.89846,             0.94316,             0.70693,            0.020561,           0.0057571,          0.00033828,            0.002035,            0.002035,            0.002035
                 179,            0.022861,           0.0037424,          0.00050499,             0.94324,             0.90056,             0.94284,              0.7063,            0.020554,           0.0057589,          0.00033779,             0.00199,             0.00199,             0.00199
                 180,            0.023167,           0.0037988,          0.00054125,              0.9448,              0.8995,              0.9426,             0.70673,            0.020551,           0.0057609,          0.00033745,            0.001945,            0.001945,            0.001945
                 181,            0.022919,           0.0036455,          0.00050279,              0.9442,             0.90093,             0.94283,             0.70629,            0.020546,           0.0057624,          0.00033681,              0.0019,              0.0019,              0.0019
                 182,            0.022813,           0.0036397,          0.00051211,             0.94417,             0.90153,             0.94309,             0.70624,            0.020539,            0.005764,          0.00033557,            0.001855,            0.001855,            0.001855
                 183,            0.022938,           0.0036696,          0.00054325,             0.94363,             0.90055,             0.94303,             0.70633,            0.020531,           0.0057622,          0.00033464,             0.00181,             0.00181,             0.00181
                 184,            0.022857,           0.0036537,           0.0004862,             0.94318,             0.90157,             0.94318,             0.70688,            0.020523,           0.0057606,          0.00033433,            0.001765,            0.001765,            0.001765
                 185,            0.022692,           0.0037033,          0.00053188,             0.94417,              0.9003,             0.94311,             0.70724,            0.020519,           0.0057634,            0.000334,             0.00172,             0.00172,             0.00172
                 186,            0.022688,           0.0036821,          0.00049886,             0.94402,             0.89955,             0.94303,             0.70753,            0.020515,           0.0057646,          0.00033375,            0.001675,            0.001675,            0.001675
                 187,            0.022496,           0.0036127,          0.00051201,             0.94411,             0.89985,             0.94272,              0.7071,            0.020512,           0.0057647,          0.00033373,             0.00163,             0.00163,             0.00163
                 188,            0.022381,           0.0036365,          0.00050421,             0.94279,             0.90186,             0.94326,             0.70618,            0.020506,           0.0057656,          0.00033341,            0.001585,            0.001585,            0.001585
                 189,            0.022545,           0.0036296,          0.00048702,             0.94097,              0.9041,             0.94312,             0.70718,            0.020501,           0.0057679,          0.00033309,             0.00154,             0.00154,             0.00154
                 190,            0.022592,           0.0036179,          0.00049006,             0.94038,              0.9046,             0.94353,             0.70731,            0.020496,            0.005769,           0.0003329,            0.001495,            0.001495,            0.001495
                 191,            0.022299,           0.0035668,          0.00050832,             0.93711,             0.90658,             0.94333,             0.70763,            0.020491,           0.0057679,          0.00033238,             0.00145,             0.00145,             0.00145
                 192,            0.022562,            0.003586,          0.00055515,              0.9374,             0.90695,             0.94346,             0.70866,            0.020486,            0.005768,          0.00033227,            0.001405,            0.001405,            0.001405
                 193,            0.022344,           0.0035571,          0.00052937,              0.9378,               0.907,             0.94319,             0.70851,            0.020484,           0.0057711,          0.00033193,             0.00136,             0.00136,             0.00136
                 194,            0.022212,           0.0035544,          0.00048009,             0.93862,               0.907,             0.94351,             0.70856,            0.020479,           0.0057697,          0.00033149,            0.001315,            0.001315,            0.001315
                 195,            0.022274,            0.003585,          0.00049815,             0.93921,             0.90627,             0.94313,              0.7093,            0.020475,           0.0057688,          0.00033121,             0.00127,             0.00127,             0.00127
                 196,            0.022359,           0.0035972,          0.00049466,             0.93963,              0.9067,              0.9432,             0.70853,             0.02047,           0.0057713,          0.00033081,            0.001225,            0.001225,            0.001225
                 197,            0.022277,           0.0035778,          0.00049245,             0.94041,             0.90675,             0.94342,             0.70879,            0.020465,           0.0057708,          0.00033029,             0.00118,             0.00118,             0.00118
                 198,            0.021932,           0.0035225,          0.00047815,             0.94051,             0.90666,             0.94337,             0.70849,            0.020459,           0.0057687,          0.00032978,            0.001135,            0.001135,            0.001135
                 199,            0.022177,            0.003583,          0.00047376,             0.94018,             0.90623,             0.94268,             0.70911,            0.020457,           0.0057721,          0.00032954,             0.00109,             0.00109,             0.00109
